[
{
    "model": "sessions.session",
    "pk": "8k7cvmmglrtykow6xudap2wlsp5gkulw",
    "fields": {
        "session_data": "MmI4ZDlhYTI1Mzc5ODE5YjFkNzYyYjE1MzI2YThhMDk4NWZjOGRlNjp7Il9hdXRoX3VzZXJfaGFzaCI6IjI3Mjg4NjUzYjRkNDk5NDYxOTE0NGViODQ3OWE5NmZhYmY3NzBmOTAiLCJfYXV0aF91c2VyX2JhY2tlbmQiOiJhY2NvdW50cy5iYWNrZW5kcy5FbWFpbEF1dGgiLCJfYXV0aF91c2VyX2lkIjoiMSJ9",
        "expire_date": "2016-06-24T09:20:21.182Z"
    }
},
{
    "model": "sessions.session",
    "pk": "jc9pey5vtv58ecp1rwrzcfcx3p1uhca2",
    "fields": {
        "session_data": "ZWMzZDA3ODY4YTY0Y2FlOTM1YjA4YTI1YTY2MzQ5ODg3OTAyODRiNTp7Il9hdXRoX3VzZXJfaGFzaCI6ImI3NTU3ODA1ZmMzOTg2YTg0MmMyYjAxMzVjODYyZTU0NjIyOTU0OTAiLCJfYXV0aF91c2VyX2JhY2tlbmQiOiJhY2NvdW50cy5iYWNrZW5kcy5FbWFpbEF1dGgiLCJfYXV0aF91c2VyX2lkIjoiNCJ9",
        "expire_date": "2016-06-08T16:44:18.622Z"
    }
},
{
    "model": "sessions.session",
    "pk": "m9i7dighkcjk9nxr6d0k3wqpph5txh67",
    "fields": {
        "session_data": "MmI4ZDlhYTI1Mzc5ODE5YjFkNzYyYjE1MzI2YThhMDk4NWZjOGRlNjp7Il9hdXRoX3VzZXJfaGFzaCI6IjI3Mjg4NjUzYjRkNDk5NDYxOTE0NGViODQ3OWE5NmZhYmY3NzBmOTAiLCJfYXV0aF91c2VyX2JhY2tlbmQiOiJhY2NvdW50cy5iYWNrZW5kcy5FbWFpbEF1dGgiLCJfYXV0aF91c2VyX2lkIjoiMSJ9",
        "expire_date": "2016-06-07T14:21:35.606Z"
    }
},
{
    "model": "sessions.session",
    "pk": "o478rm6jdrf7awb61rfxpy6jo1akvejh",
    "fields": {
        "session_data": "M2NmNmI5N2Q4ODg5YjE4NDM1OWJiNGQ0NTU4ZTgxNzYxNTI5MDcyYTp7Il9hdXRoX3VzZXJfaGFzaCI6IjUxMjJhN2Y5NGU0N2U1OWY2ZDcyNWFjZWI5MDZhMDZlM2RjMmFhNmYiLCJfYXV0aF91c2VyX2JhY2tlbmQiOiJhY2NvdW50cy5iYWNrZW5kcy5FbWFpbEF1dGgiLCJfYXV0aF91c2VyX2lkIjoiMyJ9",
        "expire_date": "2016-06-04T14:41:55.117Z"
    }
},
{
    "model": "sessions.session",
    "pk": "or676n3x1hqpq8ox6kmuulwlwisnom2n",
    "fields": {
        "session_data": "MmI4ZDlhYTI1Mzc5ODE5YjFkNzYyYjE1MzI2YThhMDk4NWZjOGRlNjp7Il9hdXRoX3VzZXJfaGFzaCI6IjI3Mjg4NjUzYjRkNDk5NDYxOTE0NGViODQ3OWE5NmZhYmY3NzBmOTAiLCJfYXV0aF91c2VyX2JhY2tlbmQiOiJhY2NvdW50cy5iYWNrZW5kcy5FbWFpbEF1dGgiLCJfYXV0aF91c2VyX2lkIjoiMSJ9",
        "expire_date": "2016-06-06T10:50:43.214Z"
    }
},
{
    "model": "sites.site",
    "pk": 1,
    "fields": {
        "domain": "example.com",
        "name": "example.com"
    }
},
{
    "model": "accounts.user",
    "pk": 1,
    "fields": {
        "password": "pbkdf2_sha256$24000$ZnUJDjxlwB8X$4m8Tax1NPZWzvbJPHD3Xt05UHxgj7z6BPgfwHJb7KSA=",
        "last_login": "2016-06-10T09:20:21.080Z",
        "is_superuser": true,
        "username": "test1@email.com",
        "first_name": "",
        "last_name": "",
        "email": "test1@email.com",
        "is_staff": true,
        "is_active": true,
        "date_joined": "2016-05-20T07:39:22.029Z",
        "stripe_id": "",
        "subscription_end": "2016-05-20T14:10:55.905Z",
        "groups": [],
        "user_permissions": []
    }
},
{
    "model": "accounts.user",
    "pk": 2,
    "fields": {
        "password": "pbkdf2_sha256$24000$MO1fXJgjBg64$aIDVLZtm8Q7gn7hHKe7lPHg8C8HT8SqY5vhGm0k+LJw=",
        "last_login": "2016-05-25T11:27:23.665Z",
        "is_superuser": false,
        "username": "test2@email.com",
        "first_name": "",
        "last_name": "",
        "email": "test2@email.com",
        "is_staff": false,
        "is_active": true,
        "date_joined": "2016-05-20T07:46:43.337Z",
        "stripe_id": "",
        "subscription_end": "2016-05-20T14:10:55.905Z",
        "groups": [],
        "user_permissions": []
    }
},
{
    "model": "accounts.user",
    "pk": 3,
    "fields": {
        "password": "pbkdf2_sha256$24000$4A94Lh03TwIi$I+F5IWWljLIINTgHtlVU/pelilvSTjQ9tP6VDlGRrS4=",
        "last_login": "2016-05-25T11:27:44.910Z",
        "is_superuser": false,
        "username": "test3@email.com",
        "first_name": "",
        "last_name": "",
        "email": "test3@email.com",
        "is_staff": false,
        "is_active": true,
        "date_joined": "2016-05-20T08:07:38.233Z",
        "stripe_id": "",
        "subscription_end": "2016-05-20T14:10:55.905Z",
        "groups": [],
        "user_permissions": []
    }
},
{
    "model": "accounts.user",
    "pk": 4,
    "fields": {
        "password": "pbkdf2_sha256$24000$aeDWzn0ikizQ$fqwaBI7bM6xET3DNPKzk6n8vtvjbE6mzDXo52QZ81S4=",
        "last_login": "2016-05-25T16:44:18.475Z",
        "is_superuser": false,
        "username": "test4@email.com",
        "first_name": "",
        "last_name": "",
        "email": "test4@email.com",
        "is_staff": false,
        "is_active": true,
        "date_joined": "2016-05-20T12:57:21.575Z",
        "stripe_id": "tok_18DDBrFYWmpZDF7IafJbDDf3",
        "subscription_end": "2016-05-20T14:10:55.905Z",
        "groups": [],
        "user_permissions": []
    }
},
{
    "model": "accounts.user",
    "pk": 5,
    "fields": {
        "password": "pbkdf2_sha256$24000$WzPzWnB7uOOI$r83cdVZGVtH8XYiWLwIHmm1m7XmlFZph4BIF0Zskj3g=",
        "last_login": "2016-05-25T11:25:46.591Z",
        "is_superuser": false,
        "username": "test5@email.com",
        "first_name": "",
        "last_name": "",
        "email": "test5@email.com",
        "is_staff": false,
        "is_active": true,
        "date_joined": "2016-05-20T13:00:18.622Z",
        "stripe_id": "tok_18DDEiFYWmpZDF7IfsZRN82y",
        "subscription_end": "2016-05-20T14:10:55.905Z",
        "groups": [],
        "user_permissions": []
    }
},
{
    "model": "accounts.user",
    "pk": 6,
    "fields": {
        "password": "pbkdf2_sha256$24000$19TW0aQgsxrT$U5Opsknv3FNmd1gVTQRuGHmUtd4pYjCitahBCmMObcI=",
        "last_login": "2016-05-20T13:14:19.082Z",
        "is_superuser": false,
        "username": "test6@email.com",
        "first_name": "",
        "last_name": "",
        "email": "test6@email.com",
        "is_staff": false,
        "is_active": true,
        "date_joined": "2016-05-20T13:14:17.091Z",
        "stripe_id": "tok_18DDSFFYWmpZDF7IU0edNBHB",
        "subscription_end": "2016-05-20T14:10:55.905Z",
        "groups": [],
        "user_permissions": []
    }
},
{
    "model": "accounts.user",
    "pk": 7,
    "fields": {
        "password": "pbkdf2_sha256$24000$CKvXV5BDnuCo$eV/2e41tJmGYm2iLqXBZ/dNQlhjBEFHBMIJois9i/TE=",
        "last_login": "2016-05-20T13:15:42.776Z",
        "is_superuser": false,
        "username": "test7@email.com",
        "first_name": "",
        "last_name": "",
        "email": "test7@email.com",
        "is_staff": false,
        "is_active": true,
        "date_joined": "2016-05-20T13:15:40.810Z",
        "stripe_id": "tok_18DDTbFYWmpZDF7IqG5tFQqp",
        "subscription_end": "2016-05-20T14:10:55.905Z",
        "groups": [],
        "user_permissions": []
    }
},
{
    "model": "accounts.user",
    "pk": 8,
    "fields": {
        "password": "pbkdf2_sha256$24000$iCN0D9xXiQ8y$UJfiTXegpX9xfpiXgsOHR+PSBs8gRk/qqOZT3ngCeYk=",
        "last_login": "2016-05-20T13:26:17.420Z",
        "is_superuser": false,
        "username": "test8@gmail.com",
        "first_name": "",
        "last_name": "",
        "email": "test8@gmail.com",
        "is_staff": false,
        "is_active": true,
        "date_joined": "2016-05-20T13:26:15.668Z",
        "stripe_id": "tok_18DDdqFYWmpZDF7I2Hs9GhVu",
        "subscription_end": "2016-05-20T14:10:55.905Z",
        "groups": [],
        "user_permissions": []
    }
},
{
    "model": "accounts.user",
    "pk": 9,
    "fields": {
        "password": "pbkdf2_sha256$24000$A0fHCCQeidG2$355lIrdHPx1j03fAzbDcRfH4r0Y26Nr06Up3cIEMgqg=",
        "last_login": "2016-05-20T13:36:48.848Z",
        "is_superuser": false,
        "username": "test9@email.com",
        "first_name": "",
        "last_name": "",
        "email": "test9@email.com",
        "is_staff": false,
        "is_active": true,
        "date_joined": "2016-05-20T13:36:47.055Z",
        "stripe_id": "tok_18DDo1FYWmpZDF7INA16c5cA",
        "subscription_end": "2016-05-20T14:10:55.905Z",
        "groups": [],
        "user_permissions": []
    }
},
{
    "model": "accounts.user",
    "pk": 10,
    "fields": {
        "password": "pbkdf2_sha256$24000$xXXfyg74imhO$Xn2x+YOaRf+IXRU6KOfF02Vi6Zmg7prtWz+H+8UvlYU=",
        "last_login": "2016-05-20T16:33:07.534Z",
        "is_superuser": false,
        "username": "test10@email.com",
        "first_name": "",
        "last_name": "",
        "email": "test10@email.com",
        "is_staff": false,
        "is_active": true,
        "date_joined": "2016-05-20T16:29:33.766Z",
        "stripe_id": "cus_8UEzAXAp84DFVv",
        "subscription_end": "2016-06-17T16:29:35.825Z",
        "groups": [],
        "user_permissions": []
    }
},
{
    "model": "accounts.user",
    "pk": 11,
    "fields": {
        "password": "pbkdf2_sha256$24000$GDrb1i3RxffD$jowpM6DrBWoYSLxRCCAUW5nMZ7q0f5nAMTAdvMN3rHU=",
        "last_login": "2016-05-23T16:37:26.024Z",
        "is_superuser": false,
        "username": "test13@email.com",
        "first_name": "",
        "last_name": "",
        "email": "test13@email.com",
        "is_staff": false,
        "is_active": true,
        "date_joined": "2016-05-23T16:37:23.360Z",
        "stripe_id": "cus_8VMngCYGd59cKK",
        "subscription_end": "2016-06-20T16:37:25.648Z",
        "groups": [],
        "user_permissions": []
    }
},
{
    "model": "pages.contactrequest",
    "pk": 1,
    "fields": {
        "contact_name": "Peter",
        "contact_email": "peterjb73@gmail.com",
        "message": "Testing ...",
        "created_date": "2016-06-08T14:35:08.943Z"
    }
},
{
    "model": "pages.contactrequest",
    "pk": 2,
    "fields": {
        "contact_name": "Peter",
        "contact_email": "peterjb73@gmail.com",
        "message": "Testing ...",
        "created_date": "2016-06-08T14:35:08.943Z"
    }
},
{
    "model": "pages.contactrequest",
    "pk": 3,
    "fields": {
        "contact_name": "Peter",
        "contact_email": "peterjb73@gmail.com",
        "message": "Testing ...",
        "created_date": "2016-06-08T14:37:17.398Z"
    }
},
{
    "model": "pages.contactrequest",
    "pk": 4,
    "fields": {
        "contact_name": "Peter",
        "contact_email": "peterjb73@gmail.com",
        "message": "Testing ...",
        "created_date": "2016-06-08T14:45:21.142Z"
    }
},
{
    "model": "pages.contactrequest",
    "pk": 5,
    "fields": {
        "contact_name": "Peter",
        "contact_email": "peterjb73@gmail.com",
        "message": "Testing ...",
        "created_date": "2016-06-08T14:45:21.142Z"
    }
},
{
    "model": "pages.contactrequest",
    "pk": 6,
    "fields": {
        "contact_name": "Peter",
        "contact_email": "test@email.com",
        "message": "testing",
        "created_date": "2016-06-08T14:47:46.141Z"
    }
},
{
    "model": "pages.contactrequest",
    "pk": 7,
    "fields": {
        "contact_name": "Peter 1",
        "contact_email": "test@email.com",
        "message": "testing",
        "created_date": "2016-06-08T14:48:17.965Z"
    }
},
{
    "model": "products.product",
    "pk": 1,
    "fields": {
        "name": "Dining table",
        "description": "Dining table, four white legs, wooden top.",
        "price": "149.99"
    }
},
{
    "model": "products.product",
    "pk": 2,
    "fields": {
        "name": "Dining chair",
        "description": "Dining chair.  Four white legs, brown fabric seat and back.\r\nMatches the Dining table.\r\nSold per each.",
        "price": "49.99"
    }
},
{
    "model": "products.product",
    "pk": 3,
    "fields": {
        "name": "Table cloth",
        "description": "Table cloth.  White plain table cloth.",
        "price": "14.99"
    }
},
{
    "model": "products.product",
    "pk": 4,
    "fields": {
        "name": "Table runner",
        "description": "Table runner.  Brown cotton fabric.\r\nMatches the dining chairs.",
        "price": "12.99"
    }
},
{
    "model": "products.product",
    "pk": 5,
    "fields": {
        "name": "Place mats",
        "description": "Brown dining table place mats.\r\nMatch the brown table runner.\r\nSold per each.",
        "price": "4.99"
    }
},
{
    "model": "products.product",
    "pk": 6,
    "fields": {
        "name": "Coasters",
        "description": "Brown fabric coasters.\r\nMatch brown place mats and table runner.",
        "price": "0.99"
    }
},
{
    "model": "magazines.magazine",
    "pk": 1,
    "fields": {
        "name": "Learn Django - Beginners",
        "description": "A complete guide to using Django for the beginner.",
        "price": "14.99"
    }
},
{
    "model": "magazines.magazine",
    "pk": 2,
    "fields": {
        "name": "Learn Django - Intermediate",
        "description": "A complete guide to using Django to get you to an intermediate level.",
        "price": "18.99"
    }
},
{
    "model": "magazines.magazine",
    "pk": 3,
    "fields": {
        "name": "Learn Django - Advanced",
        "description": "A complete guide to using Django to get you to an advanced level.",
        "price": "21.99"
    }
},
{
    "model": "reusable_blog_v1.post",
    "pk": 1,
    "fields": {
        "author": 1,
        "title": "The First Post",
        "content": "This is the first post",
        "created_date": "2016-05-23T16:28:04.049Z",
        "published_date": "2016-05-23T16:27:50Z",
        "views": 4,
        "tag": "First",
        "image": "images/2.jpg"
    }
},
{
    "model": "reusable_blog_v1.post",
    "pk": 2,
    "fields": {
        "author": 1,
        "title": "The Second Post",
        "content": "Here is the second post.",
        "created_date": "2016-05-24T06:06:05.215Z",
        "published_date": "2016-05-24T06:05:49Z",
        "views": 26,
        "tag": "Flask",
        "image": "images/1.jpg"
    }
},
{
    "model": "threads.subject",
    "pk": 1,
    "fields": {
        "name": "Python",
        "description": "<p>Discuss anything you want about <strong>Python</strong> here.</p>"
    }
},
{
    "model": "threads.subject",
    "pk": 2,
    "fields": {
        "name": "Flask",
        "description": "<p>Discuss anything you want about <strong>Flask</strong> here.</p>"
    }
},
{
    "model": "threads.subject",
    "pk": 3,
    "fields": {
        "name": "Django",
        "description": "<p>Discuss anything you want about <strong>Django</strong> here.</p>"
    }
},
{
    "model": "threads.thread",
    "pk": 1,
    "fields": {
        "name": "Python: Any thoughts?",
        "user": 1,
        "subject": 1,
        "created_at": "2016-05-24T06:15:28Z"
    }
},
{
    "model": "threads.thread",
    "pk": 2,
    "fields": {
        "name": "Python IDE's - What are your experiences?",
        "user": 1,
        "subject": 2,
        "created_at": "2016-05-24T12:32:10.208Z"
    }
},
{
    "model": "threads.posts",
    "pk": 1,
    "fields": {
        "thread": 1,
        "comment": "<p>So... Python.&nbsp; What do you think about it?</p>",
        "user": 1,
        "created_at": "2016-05-24T06:15:28.992Z"
    }
},
{
    "model": "threads.posts",
    "pk": 3,
    "fields": {
        "thread": 1,
        "comment": "<p>I have been learning it, and it seems quite straight forward.</p>",
        "user": 3,
        "created_at": "2016-05-24T06:52:12.993Z"
    }
},
{
    "model": "threads.posts",
    "pk": 4,
    "fields": {
        "thread": 1,
        "comment": "<p>It has to be said, the logo looks very nice actualy!</p>",
        "user": 2,
        "created_at": "2016-05-24T06:59:25.676Z"
    }
},
{
    "model": "threads.posts",
    "pk": 5,
    "fields": {
        "thread": 1,
        "comment": "<p>Yeah I agree the logo is nice :)&nbsp; :-)</p>",
        "user": 3,
        "created_at": "2016-05-24T07:31:54.228Z"
    }
},
{
    "model": "threads.posts",
    "pk": 6,
    "fields": {
        "thread": 2,
        "comment": "<p>I have used Sublime and Pycharm when developing with Python and Flask.</p>\r\n<p>I favour Pycharm!</p>",
        "user": 1,
        "created_at": "2016-05-24T12:32:10.208Z"
    }
},
{
    "model": "threads.posts",
    "pk": 7,
    "fields": {
        "thread": 2,
        "comment": "<p>Yep, I still agree with what I just posted :)</p>",
        "user": 1,
        "created_at": "2016-05-24T12:33:36.440Z"
    }
},
{
    "model": "threads.posts",
    "pk": 8,
    "fields": {
        "thread": 2,
        "comment": "<p>I like sublime because it is free :)</p>",
        "user": 2,
        "created_at": "2016-05-24T13:16:37.500Z"
    }
},
{
    "model": "threads.posts",
    "pk": 11,
    "fields": {
        "thread": 2,
        "comment": "<p>I like PyCharm!</p>",
        "user": 3,
        "created_at": "2016-05-25T11:29:35.254Z"
    }
},
{
    "model": "threads.posts",
    "pk": 12,
    "fields": {
        "thread": 1,
        "comment": "<p>Here is another one!</p>",
        "user": 1,
        "created_at": "2016-06-10T09:49:39.364Z"
    }
},
{
    "model": "polls.poll",
    "pk": 1,
    "fields": {
        "question": "What is the best IDE for Python?",
        "thread": 2
    }
},
{
    "model": "polls.pollsubject",
    "pk": 1,
    "fields": {
        "name": "PyCharm",
        "poll": 1
    }
},
{
    "model": "polls.pollsubject",
    "pk": 2,
    "fields": {
        "name": "Sublime",
        "poll": 1
    }
},
{
    "model": "polls.pollsubject",
    "pk": 3,
    "fields": {
        "name": "WingIDE",
        "poll": 1
    }
},
{
    "model": "polls.vote",
    "pk": 1,
    "fields": {
        "poll": 1,
        "subject": 1,
        "user": 1
    }
},
{
    "model": "polls.vote",
    "pk": 2,
    "fields": {
        "poll": 1,
        "subject": 2,
        "user": 2
    }
},
{
    "model": "polls.vote",
    "pk": 3,
    "fields": {
        "poll": 1,
        "subject": 1,
        "user": 3
    }
},
{
    "model": "polls.vote",
    "pk": 5,
    "fields": {
        "poll": 1,
        "subject": 1,
        "user": 4
    }
},
{
    "model": "admin.logentry",
    "pk": 1,
    "fields": {
        "action_time": "2016-05-21T11:08:41.657Z",
        "user": 1,
        "content_type": 9,
        "object_id": "1",
        "object_repr": "Kitchen table",
        "action_flag": 1,
        "change_message": "Added."
    }
},
{
    "model": "admin.logentry",
    "pk": 2,
    "fields": {
        "action_time": "2016-05-21T11:10:30.516Z",
        "user": 1,
        "content_type": 9,
        "object_id": "2",
        "object_repr": "Dining chair",
        "action_flag": 1,
        "change_message": "Added."
    }
},
{
    "model": "admin.logentry",
    "pk": 3,
    "fields": {
        "action_time": "2016-05-21T11:10:47.103Z",
        "user": 1,
        "content_type": 9,
        "object_id": "1",
        "object_repr": "Dining table",
        "action_flag": 2,
        "change_message": "Changed name and description."
    }
},
{
    "model": "admin.logentry",
    "pk": 4,
    "fields": {
        "action_time": "2016-05-21T11:10:59.433Z",
        "user": 1,
        "content_type": 9,
        "object_id": "2",
        "object_repr": "Dining chair",
        "action_flag": 2,
        "change_message": "No fields changed."
    }
},
{
    "model": "admin.logentry",
    "pk": 5,
    "fields": {
        "action_time": "2016-05-21T11:11:29.587Z",
        "user": 1,
        "content_type": 9,
        "object_id": "3",
        "object_repr": "Table cloth",
        "action_flag": 1,
        "change_message": "Added."
    }
},
{
    "model": "admin.logentry",
    "pk": 6,
    "fields": {
        "action_time": "2016-05-21T11:12:48.140Z",
        "user": 1,
        "content_type": 9,
        "object_id": "4",
        "object_repr": "Table runner",
        "action_flag": 1,
        "change_message": "Added."
    }
},
{
    "model": "admin.logentry",
    "pk": 7,
    "fields": {
        "action_time": "2016-05-21T11:13:49.316Z",
        "user": 1,
        "content_type": 9,
        "object_id": "5",
        "object_repr": "Place mats",
        "action_flag": 1,
        "change_message": "Added."
    }
},
{
    "model": "admin.logentry",
    "pk": 8,
    "fields": {
        "action_time": "2016-05-21T11:14:56.190Z",
        "user": 1,
        "content_type": 9,
        "object_id": "6",
        "object_repr": "Coasters",
        "action_flag": 1,
        "change_message": "Added."
    }
},
{
    "model": "admin.logentry",
    "pk": 9,
    "fields": {
        "action_time": "2016-05-21T12:41:15.143Z",
        "user": 1,
        "content_type": 10,
        "object_id": "1",
        "object_repr": "Django for beginners",
        "action_flag": 1,
        "change_message": "Added."
    }
},
{
    "model": "admin.logentry",
    "pk": 10,
    "fields": {
        "action_time": "2016-05-21T12:43:03.944Z",
        "user": 1,
        "content_type": 10,
        "object_id": "2",
        "object_repr": "Learn Django - Intermediate",
        "action_flag": 1,
        "change_message": "Added."
    }
},
{
    "model": "admin.logentry",
    "pk": 11,
    "fields": {
        "action_time": "2016-05-21T12:43:37.837Z",
        "user": 1,
        "content_type": 10,
        "object_id": "3",
        "object_repr": "Learn Django - Advanced",
        "action_flag": 1,
        "change_message": "Added."
    }
},
{
    "model": "admin.logentry",
    "pk": 12,
    "fields": {
        "action_time": "2016-05-21T12:43:58.660Z",
        "user": 1,
        "content_type": 10,
        "object_id": "1",
        "object_repr": "Learn Django - Beginners",
        "action_flag": 2,
        "change_message": "Changed name."
    }
},
{
    "model": "admin.logentry",
    "pk": 13,
    "fields": {
        "action_time": "2016-05-23T10:51:54.139Z",
        "user": 1,
        "content_type": 12,
        "object_id": "1",
        "object_repr": "Python",
        "action_flag": 1,
        "change_message": "Added."
    }
},
{
    "model": "admin.logentry",
    "pk": 14,
    "fields": {
        "action_time": "2016-05-23T10:52:20.586Z",
        "user": 1,
        "content_type": 12,
        "object_id": "2",
        "object_repr": "Flask",
        "action_flag": 1,
        "change_message": "Added."
    }
},
{
    "model": "admin.logentry",
    "pk": 15,
    "fields": {
        "action_time": "2016-05-23T10:52:49.790Z",
        "user": 1,
        "content_type": 12,
        "object_id": "3",
        "object_repr": "Django",
        "action_flag": 1,
        "change_message": "Added."
    }
},
{
    "model": "admin.logentry",
    "pk": 16,
    "fields": {
        "action_time": "2016-05-23T10:53:04.223Z",
        "user": 1,
        "content_type": 12,
        "object_id": "1",
        "object_repr": "Python",
        "action_flag": 2,
        "change_message": "Changed description."
    }
},
{
    "model": "admin.logentry",
    "pk": 17,
    "fields": {
        "action_time": "2016-05-23T16:28:04.070Z",
        "user": 1,
        "content_type": 16,
        "object_id": "1",
        "object_repr": "The First Post",
        "action_flag": 1,
        "change_message": "Added."
    }
},
{
    "model": "admin.logentry",
    "pk": 18,
    "fields": {
        "action_time": "2016-05-24T06:06:05.233Z",
        "user": 1,
        "content_type": 16,
        "object_id": "2",
        "object_repr": "The Second Post",
        "action_flag": 1,
        "change_message": "Added."
    }
},
{
    "model": "admin.logentry",
    "pk": 19,
    "fields": {
        "action_time": "2016-05-24T06:54:00.415Z",
        "user": 1,
        "content_type": 13,
        "object_id": "1",
        "object_repr": "Thread object",
        "action_flag": 2,
        "change_message": "Changed name."
    }
},
{
    "model": "admin.logentry",
    "pk": 20,
    "fields": {
        "action_time": "2016-05-24T14:22:26.773Z",
        "user": 1,
        "content_type": 16,
        "object_id": "1",
        "object_repr": "The First Post",
        "action_flag": 2,
        "change_message": "Changed image."
    }
},
{
    "model": "admin.logentry",
    "pk": 21,
    "fields": {
        "action_time": "2016-05-24T14:22:37.342Z",
        "user": 1,
        "content_type": 16,
        "object_id": "2",
        "object_repr": "The Second Post",
        "action_flag": 2,
        "change_message": "Changed image."
    }
}
]
